Recip_County,SVI_CTGY,Metro_status,Census2019
Clearfield,2,0,79255.0
Bristol,4,1,48479.0
Gloucester,4,1,291636.0
Breckinridge,2,0,20477.0
Medina,4,1,179746.0
Morgan,4,0,17884.0
Valley,4,0,11392.0
Hopewell city,1,1,22529.0
Ford,1,0,33619.0
Cass,4,1,105780.0
Chattooga,1,0,24789.0
Prairie,2,0,8062.0
Chaffee,4,0,20356.0
Citrus,2,1,149657.0
Warren,3,1,35649.0
Spartanburg,1,1,319785.0
Chase,3,0,2648.0
Madison,4,0,13261.0
Webster,2,0,9689.0
Houston,1,0,22968.0
Wabash,3,0,30996.0
Dakota,4,1,429021.0
Hancock,1,0,6620.0
Randolph,2,0,17958.0
Stanislaus,1,1,550660.0
Sebastian,1,1,127827.0
Cherokee,1,0,52646.0
Powell,3,0,6890.0
Dallas,1,0,7009.0
Rush,4,0,3036.0
Price,4,0,13351.0
Skamania,4,1,12083.0
Livingston,3,1,62914.0
Russell,4,0,6856.0
Tehama,1,0,65084.0
Hamilton,1,0,14428.0
Shelby,4,0,21634.0
Curry,3,0,22925.0
Jenkins,1,0,8676.0
Harrison,2,0,18886.0
Grimes,1,0,28880.0
Rincon Municipio,4,1,13656.0
Barranquitas Municipio,1,1,27725.0
Campbell,3,0,46341.0
Schoolcraft,2,0,8094.0
Leon,3,1,293582.0
Mineral,4,0,769.0
New London,3,1,265206.0
Burlington,4,1,445349.0
Adams,4,0,2216.0
Gallatin,4,0,114434.0
Muskegon,2,1,173566.0
Oregon,3,0,10529.0
Weston,3,0,6927.0
Klickitat,2,0,22425.0
Jefferson,4,0,32221.0
Forrest,1,1,74897.0
Rockingham,4,1,309769.0
Screven,1,0,13966.0
Sumter,1,0,12427.0
Kay,1,0,43538.0
Tom Green,2,1,119200.0
Douglas,2,0,110980.0
Kingsbury,4,0,4939.0
Laramie,3,1,99500.0
Kimble,2,0,4337.0
Yancey,2,0,18069.0
Lavaca,2,0,20154.0
Lee,1,0,16828.0
Schley,1,0,5257.0
Marion,1,1,347818.0
Ringgold,4,0,4894.0
Ontario,4,1,109777.0
Elko,2,0,52778.0
Prince Edward,2,0,22802.0
Beadle,2,0,18453.0
Geauga,4,1,93649.0
Athens,2,0,65327.0
Choctaw,1,0,14672.0
Aguadilla Municipio,2,1,50265.0
Carteret,3,0,69473.0
Centre,3,1,162385.0
Acadia Parish,1,1,62045.0
Unicoi,1,1,17883.0
Lake,4,0,12797.0
Cowley,2,0,34908.0
Stone,2,0,18336.0
Clinch,1,0,6618.0
Lenoir,1,0,55949.0
Oneida,4,0,35595.0
Pocahontas,3,0,8247.0
Kingfisher,3,0,15765.0
Morrow,1,0,11603.0
Doddridge,3,0,8448.0
Dubois,4,0,42736.0
Blanco,3,0,11931.0
Naranjito Municipio,2,1,27349.0
Clay,2,1,8508.0
Stokes,3,1,45591.0
Howard,3,0,10001.0
Phelps,2,0,44573.0
Kanabec,3,0,16337.0
Johnson,2,0,17788.0
Cochran,1,0,2853.0
Thomas,1,0,44451.0
Graham,2,0,8441.0
Jackson,2,1,703011.0
Kenedy,2,0,404.0
Panola,2,0,23194.0
Hempstead,1,0,21532.0
Tulsa,2,1,651552.0
Highland,2,0,43161.0
York,3,1,280979.0
Wayne,2,1,39402.0
Nelson,4,0,2879.0
Wells,4,0,3834.0
Clark,2,1,2266715.0
Tuolumne,3,0,54478.0
Mecklenburg,3,1,1110356.0
Allegheny,3,1,1216045.0
Hormigueros Municipio,2,1,15518.0
Blaine,3,0,23021.0
Jasper,2,1,121328.0
Maury,3,1,96387.0
Pemiscot,1,0,15805.0
Scott,3,0,4823.0
West Carroll Parish,2,0,10830.0
Otero,1,0,67490.0
Kearny,3,0,3838.0
Rock Island,2,1,141879.0
Carroll,3,0,29791.0
Grays Harbor,1,0,75061.0
Langlade,3,0,19189.0
New Hanover,3,1,234473.0
Roberts,2,0,10394.0
Marin,3,1,258826.0
Huntington,4,0,36520.0
Worcester,3,1,830622.0
Taliaferro,1,0,1537.0
Clarke,1,0,23622.0
Yuba,1,1,78668.0
Middlesex,3,1,825062.0
Edgar,3,0,17161.0
Bollinger,3,1,12133.0
Williams,3,0,36692.0
Washington,2,0,35882.0
Nevada,1,0,8252.0
Delaware,4,0,17011.0
Sauk,4,0,64442.0
Richmond,1,1,202518.0
Cochise,1,1,125922.0
Calhoun,1,1,113605.0
Newton,1,0,21018.0
McPherson,3,0,2379.0
Yankton,3,0,22814.0
Newport,4,1,82082.0
Eastland,1,0,18360.0
Greene,1,0,8111.0
Laurens,1,0,47546.0
St. Bernard Parish,1,1,47244.0
Grant,3,1,18265.0
Moore,3,0,100880.0
Polk,1,1,724777.0
Allen,2,1,21315.0
Kendall,4,1,128990.0
Robeson,1,0,130625.0
Iredell,3,1,181806.0
Hardin,3,0,31365.0
Ashland,2,0,15562.0
Shackelford,2,0,3265.0
Goodhue,4,0,46340.0
White,2,0,78753.0
Matanuska-Susitna Borough,3,1,108317.0
Columbia,3,1,64964.0
Southeast Fairbanks Census Area,2,0,6893.0
Franklin Parish,1,0,20015.0
Lancaster,4,0,10603.0
Knott,1,0,14806.0
Lake and Peninsula Borough,1,0,1592.0
Walker,2,1,63521.0
Fayette,3,1,323152.0
Forest,2,0,7247.0
Coal,1,0,5495.0
Klamath,1,0,68238.0
San Lorenzo Municipio,3,1,35989.0
Nash,1,1,94298.0
Logan,3,1,48011.0
Corson,1,0,4086.0
Gaston,2,1,224529.0
Burleigh,4,1,95626.0
Genesee,2,1,405813.0
Assumption Parish,1,0,21891.0
Union,4,1,15932.0
San Juan,1,1,123958.0
Twiggs,1,1,8120.0
Lonoke,3,1,73309.0
Andrew,4,1,17712.0
Wheatland,2,0,2126.0
Leslie,1,0,9877.0
Crawford,3,0,41494.0
North Slope Borough,2,0,9832.0
Essex,2,1,789034.0
Tillamook,2,0,27036.0
Sabine,2,0,10542.0
Taylor,2,1,138034.0
Brule,2,0,5297.0
Midland,3,1,176832.0
Richland,4,0,10803.0
Camden,2,1,506471.0
Bradley,1,0,10763.0
Eddy,2,0,58460.0
Whitley,4,1,33964.0
Calcasieu Parish,2,1,203436.0
Duval,1,0,11157.0
Comanche,2,0,13635.0
Sioux,4,0,34855.0
Lamoille,4,0,25362.0
Moultrie,3,0,14501.0
Edwards,4,0,6395.0
St. Clair,3,0,9397.0
Monongalia,3,1,105612.0
Montgomery,3,0,38338.0
Berkeley,3,1,119171.0
Yadkin,2,1,37667.0
Pike,2,0,18302.0
Eureka,4,0,2029.0
Rappahannock,4,1,7370.0
Brazoria,2,1,374264.0
Trinity,1,0,14651.0
Lowndes,1,1,117406.0
Cabarrus,3,1,216453.0
Charlotte,2,0,11880.0
Carolina Municipio,4,1,146984.0
Crenshaw,2,0,13772.0
Dauphin,3,1,278299.0
Monroe,3,1,170271.0
Denver,3,1,727211.0
McLean,4,0,9450.0
Redwood,4,0,15170.0
Haskell,1,0,5658.0
Naguabo Municipio,3,1,25761.0
Waldo,4,0,39715.0
Baca,2,0,3581.0
Caldwell,2,1,82178.0
Green Lake,3,0,18913.0
Cumberland,2,0,6614.0
Portage,4,1,162466.0
Clinton,2,0,32399.0
Miller,1,1,43257.0
Swisher,1,0,7397.0
Dickinson,4,0,17258.0
Powder River,4,0,1682.0
Gray,3,0,5988.0
Beltrami,1,0,47188.0
Emanuel,1,0,22646.0
Marshall,2,0,34375.0
Union Parish,1,1,22108.0
San Miguel,4,0,8179.0
Bonneville,3,1,119062.0
Cottonwood,3,0,11196.0
Larue,2,1,14398.0
Christian,1,1,70461.0
Colbert,3,1,55241.0
Liberty,1,0,8354.0
Forsyth,2,1,382295.0
Martin,4,0,10255.0
Fountain,4,0,16346.0
Rensselaer,3,1,158714.0
Ste. Genevieve,4,0,17894.0
Henderson,2,0,28117.0
Henry,2,0,32345.0
McDowell,1,0,17624.0
Upshur,2,1,41753.0
Crane,3,0,4797.0
Big Horn,3,0,11790.0
Dooly,1,0,13390.0
Vernon,3,0,30822.0
Ashley,1,0,19657.0
Buchanan,4,0,21175.0
Comal,4,1,156209.0
Hoke,1,1,55234.0
Williamson,4,1,238412.0
Floyd,1,1,98498.0
Highlands,1,1,106221.0
Ponce Municipio,2,1,131881.0
Boone,3,0,37432.0
Sherman,4,0,1780.0
Live Oak,2,0,12207.0
Willacy,1,0,21358.0
Wharton,1,0,41556.0
Wilkinson,1,0,8954.0
Multnomah,3,1,812855.0
Page,3,0,23902.0
Perkins,4,0,2865.0
Spencer,4,0,20277.0
Iowa,4,1,23678.0
Hughes,1,0,13279.0
Sequoyah,1,1,41569.0
Swain,1,0,14271.0
Benton,2,0,19443.0
Saline,3,0,54224.0
Stevens,2,0,5485.0
Roosevelt,1,0,18500.0
Ritchie,3,0,9554.0
Hand,4,0,3191.0
Ellis,3,0,3859.0
Mellette,1,0,2061.0
Eagle,4,0,55127.0
Bamberg,1,0,14066.0
Bland,3,0,6280.0
Clarion,3,0,38438.0
Juncos Municipio,2,1,38155.0
Lyman,2,0,3781.0
Fallon,4,0,2846.0
Brooks,1,1,15457.0
Crowley,1,0,6061.0
Dundy,3,0,1693.0
Izard,2,0,13629.0
Pembina,4,0,6801.0
Belmont,3,1,67006.0
Catoosa,4,1,67580.0
Nemaha,4,0,10231.0
Holt,4,0,4403.0
Gaines,2,0,21492.0
Whatcom,3,1,229247.0
Lafayette Parish,2,1,244390.0
Door,4,0,27668.0
Lawrence,2,1,59463.0
Trumbull,3,1,197974.0
Jefferson Davis,1,0,11128.0
Mills,1,0,4873.0
Grady,3,1,55834.0
Guernsey,2,0,38875.0
Bethel Census Area,1,0,18386.0
Haralson,2,1,29792.0
Tippah,1,0,22015.0
Ventura,3,1,846006.0
Rapides Parish,1,1,129648.0
Hall,2,1,204441.0
Jay,2,0,20436.0
Llano,3,0,21795.0
Passaic,1,1,501826.0
Kosciusko,3,0,79456.0
Wyoming,4,1,26794.0
Grand Isle,4,1,7235.0
Poinsett,1,1,23528.0
Aitkin,3,0,15886.0
Broward,2,1,1952778.0
Brooke,3,1,21939.0
Lyon,4,0,11755.0
Robertson,3,1,71813.0
Montmorency,3,0,9328.0
Ciales Municipio,1,1,15808.0
Dickens,1,0,2211.0
Orange,2,1,1393452.0
Calumet,4,1,50089.0
Bartow,2,1,107738.0
Niobrara,3,0,2356.0
Rock,4,0,9315.0
Orleans,3,0,27037.0
Tripp,3,0,5441.0
Weakley,2,0,33328.0
McHenry,4,1,307774.0
Delta,3,0,35784.0
Macon,1,0,12947.0
Wood,2,0,45539.0
Tyrrell,1,0,4016.0
Platte,4,0,8393.0
Green,2,0,10941.0
Quitman,1,0,2299.0
Trigg,3,1,14651.0
Rio Grande,1,0,11267.0
Pine,3,0,29579.0
Real,2,0,3452.0
Prince George,3,1,38353.0
Anderson,1,0,57735.0
Knox,2,0,3959.0
Hood River,2,0,23382.0
Bee,1,0,32565.0
Chickasaw,4,0,11933.0
Colleton,1,0,37677.0
McIntosh,4,0,2497.0
Susquehanna,4,0,40328.0
Corozal Municipio,1,1,32293.0
Lumpkin,3,0,33610.0
Daviess,3,0,8278.0
Livingston Parish,3,1,140789.0
Hot Springs,4,0,4413.0
Brantley,2,1,19109.0
Motley,2,0,1200.0
Calloway,3,0,39001.0
Orangeburg,1,0,86175.0
Rolette,1,0,14176.0
Lassen,2,0,30573.0
Pittsylvania,2,0,60354.0
Carlton,3,1,35871.0
Renville,4,0,2327.0
Tipton,3,1,61599.0
Hickman,2,0,4380.0
Pulaski,3,1,34027.0
Trempealeau,3,0,29649.0
Carson,4,1,5926.0
Menominee,1,0,4556.0
Armstrong,4,1,64735.0
Prince of Wales-Hyder Census Area,1,0,6203.0
DeSoto,1,0,38001.0
Wapello,2,0,34969.0
Mower,2,0,40062.0
Tate,1,1,28321.0
Somerset,1,1,25616.0
Hampton,1,0,19222.0
Caroline,3,1,30725.0
Fisher,3,0,3830.0
Brown,3,1,264542.0
Asotin,3,1,22582.0
Sitka City and Borough,3,0,8493.0
Yell,1,0,21341.0
Hanover,4,1,107766.0
El Dorado,4,1,192843.0
Peoria,2,1,179179.0
Hidalgo,1,1,868707.0
Missaukee,3,0,15118.0
Lucas,3,0,8600.0
Searcy,3,0,7881.0
Ralls,4,0,10309.0
Washita,3,0,10916.0
Spink,4,0,6376.0
Woodruff,1,0,6320.0
Sheridan,4,0,1315.0
Le Sueur,4,1,28887.0
Briscoe,3,0,1546.0
Dewey,1,0,5892.0
Manassas Park city,2,1,17478.0
Labette,2,0,19618.0
Penuelas Municipio,2,1,19249.0
Callahan,3,1,13943.0
St. Joseph,2,1,271826.0
Santa Isabel Municipio,3,0,21209.0
Erie,3,0,74266.0
Josephine,2,1,87487.0
Berks,2,1,421164.0
Bowie,1,1,93245.0
Reagan,3,0,3849.0
Steuben,3,0,95379.0
Emmet,4,0,33415.0
Macoupin,4,1,44926.0
Charlton,1,0,13392.0
Stewart,3,0,13715.0
Hawkins,2,1,56786.0
Cambria,3,1,130192.0
Custer,4,0,5068.0
Pittsburg,1,0,43654.0
Fluvanna,4,1,27270.0
Smith,2,1,232751.0
Okeechobee,1,0,42168.0
Angelina,1,0,86715.0
Cross,2,0,16419.0
Menard,4,1,12196.0
Tangipahoa Parish,1,1,134758.0
Autauga,3,1,55869.0
Imperial,1,1,181215.0
Lincoln,3,0,19980.0
Gilliam,2,0,1912.0
Butte,3,0,10429.0
Sharkey,1,0,4321.0
Boise,4,1,7831.0
Owen,2,0,10901.0
Bath,4,0,4147.0
Hanson,4,0,3453.0
Jeff Davis,3,0,2274.0
Brewster,2,0,9203.0
Webb,1,1,276652.0
Cleburne,2,0,14910.0
Lamar,2,1,63343.0
Noble,3,0,14424.0
Henrico,3,1,330818.0
Onslow,2,1,197938.0
Walton,3,1,94593.0
Phillips,4,0,5234.0
Putnam,4,1,56450.0
Huron,3,0,30981.0
Carlisle,3,0,4760.0
Kitsap,3,1,271473.0
Amelia,3,1,13145.0
Nacogdoches,1,0,65204.0
Creek,3,1,71522.0
Mitchell,2,0,8545.0
Chilton,1,1,44428.0
Kings,1,1,152940.0
Elliott,2,0,7517.0
Indian River,3,1,159923.0
Weld,3,1,324492.0
Cleveland,3,1,284014.0
Roscommon,3,0,24019.0
Alpena,3,0,28405.0
Canyon,2,1,229849.0
Eaton,3,1,110268.0
Placer,4,1,398329.0
San Diego,2,1,3338330.0
Twin Falls,3,0,86878.0
Jessamine,2,1,54115.0
Harmon,1,0,2653.0
Minidoka,2,0,21039.0
Missoula,4,1,119600.0
Cocke,2,0,36004.0
Deaf Smith,1,0,18546.0
Adair,3,0,25343.0
Butler,3,1,383134.0
Vanderburgh,2,1,181451.0
Kusilvak Census Area,1,0,8314.0
Loiza Municipio,1,1,24553.0
Broome,2,1,190488.0
San Sebastian Municipio,1,1,35528.0
Gasconade,4,0,14706.0
Raleigh,1,1,73361.0
Franklin,3,1,56042.0
Manati Municipio,2,1,37287.0
San Bernardino,1,1,2180085.0
Carbon,3,1,64182.0
Chester,2,1,32244.0
Riley,3,1,74232.0
Lebanon,2,1,141793.0
Hennepin,3,1,1265843.0
Bastrop,2,1,88723.0
Sweetwater,3,0,42343.0
Titus,1,0,32750.0
Osage,4,1,13615.0
Barbour,1,0,24686.0
Cullman,2,0,83768.0
Cotton,2,1,5666.0
Casey,1,0,16159.0
Bristol Bay Borough,3,0,836.0
Lemhi,3,0,8027.0
Jayuya Municipio,1,0,13891.0
Guthrie,4,1,10689.0
Otsego,3,0,59493.0
Greenville,2,1,523542.0
Perry,4,1,46272.0
Chemung,3,1,83456.0
Gogebic,3,0,13975.0
Sarasota,3,1,433742.0
Drew,1,0,18219.0
Hampden,1,1,466372.0
Gordon,1,0,57963.0
Mason,2,0,26516.0
Blackford,3,0,11758.0
Riverside,1,1,2470546.0
Beaufort,3,1,192122.0
Escambia,3,1,318316.0
Caguas Municipio,4,1,124606.0
Cook,1,0,17270.0
Bacon,1,0,11164.0
Shiawassee,4,0,68122.0
Fannin,2,0,35514.0
Bourbon,2,1,19788.0
Kinney,1,0,3667.0
Hansford,1,0,5399.0
Benson,1,0,6832.0
Foster,4,0,3210.0
Windham,3,0,42222.0
Ingham,2,1,292406.0
Latah,4,0,40108.0
Edgecombe,1,1,51472.0
Dodge,1,0,20605.0
Providence,1,1,638931.0
Pierce,4,1,42754.0
Reeves,1,0,15976.0
Lapeer,4,1,87607.0
Limestone,2,1,98915.0
Monterey,1,1,434061.0
Woodson,3,0,3138.0
Madera,1,1,157327.0
Turner,4,1,8384.0
McCulloch,2,0,7984.0
New Kent,4,1,23091.0
Juab,4,1,12017.0
San Joaquin,1,1,762148.0
Stafford,4,1,152882.0
Kootenai,4,1,165697.0
Audubon,4,0,5496.0
Monona,4,0,8615.0
Roanoke,4,1,94186.0
Cameron Parish,3,1,6973.0
Sussex,1,1,11159.0
Travis,3,1,1273954.0
Herkimer,2,1,61319.0
Stutsman,4,0,20704.0
Grayson,2,0,26427.0
Kleberg,1,0,30680.0
Mercer,4,0,8187.0
Van Buren,2,0,5872.0
Pitkin,4,0,17767.0
Oconto,4,1,37930.0
Hampton city,2,1,134510.0
Irwin,1,0,9416.0
Northampton,1,0,19483.0
Hyde,4,0,1301.0
Greenwood,1,0,70811.0
Dinwiddie,3,1,28544.0
Marquette,3,0,15574.0
Gulf,2,1,13639.0
DeKalb,3,1,12547.0
Eau Claire,4,1,104646.0
Fulton,2,0,53383.0
Candler,1,0,10803.0
Deschutes,4,1,197692.0
Childress,2,0,7306.0
Davidson,2,1,694144.0
Newport News city,1,1,179225.0
Manistee,3,0,24558.0
Grainger,2,1,23320.0
Tillman,1,0,7250.0
Wolfe,1,0,7157.0
Person,1,1,39490.0
Chittenden,4,1,163774.0
Wise,1,0,37383.0
Graves,1,0,37266.0
McMinn,2,0,53794.0
Summit,4,0,42145.0
Charlevoix,4,0,26143.0
Pender,2,1,63060.0
Stearns,3,1,161075.0
Hampshire,2,1,23175.0
Isabela Municipio,3,1,40423.0
Muscogee,1,1,195769.0
Cooke,2,0,41257.0
Barry,2,0,35789.0
Kent,3,0,762.0
Mingo,1,0,23424.0
Park,4,0,29194.0
Sutton,2,0,3776.0
Garfield,4,0,1258.0
Harvey,3,1,34429.0
Humboldt,4,0,9558.0
Kittson,4,0,4298.0
Prowers,1,0,12172.0
Jones,1,0,68098.0
King George,4,0,26836.0
King and Queen,3,0,7025.0
Yakima,1,1,250873.0
Hamblen,1,1,64934.0
Torrance,2,1,15461.0
Tolland,4,1,150721.0
Woodbury,2,1,103107.0
Glades,1,0,13811.0
Lackawanna,2,1,209674.0
Alleghany,3,0,14860.0
Mathews,4,1,8834.0
Terry,1,0,12337.0
Maries,2,0,8697.0
Coffey,4,0,8179.0
Gooding,2,0,15179.0
Ohio,4,1,5875.0
Hernando,2,1,193920.0
Chippewa,2,0,37349.0
Bosque,2,0,18685.0
Meigs,3,0,12422.0
Patrick,2,0,17608.0
Trujillo Alto Municipio,4,1,63674.0
Stoddard,3,0,29025.0
Carver,4,1,105089.0
Ouray,4,0,4952.0
Rogers,3,1,92459.0
Gibson,3,0,33659.0
Stephenson,3,0,44498.0
Oakland,4,1,1257584.0
Shenandoah,3,0,43616.0
Santa Fe,2,1,150358.0
Coffee,2,0,52342.0
Gregory,3,0,4185.0
Val Verde,1,0,49025.0
Todd,3,0,24664.0
Queens,2,1,2253858.0
Terrell,3,0,776.0
Hays,3,1,230191.0
Meade,4,1,28332.0
Manatee,2,1,403253.0
Jerome,2,0,24412.0
Tippecanoe,3,1,195732.0
Hill,2,0,16484.0
Licking,4,1,176862.0
Davis,4,1,355481.0
Ware,1,0,35734.0
Dillon,1,0,30479.0
Collier,3,1,384902.0
Chenango,2,0,47207.0
West Feliciana Parish,2,1,15568.0
Hunterdon,4,1,124371.0
Tioga,3,0,40591.0
Stephens,2,0,43143.0
Garza,2,0,6229.0
Wahkiakum,4,0,4488.0
Fall River,3,0,6713.0
Jersey,4,1,21773.0
Starr,1,0,64633.0
Tift,1,0,40644.0
Garvin,2,0,27711.0
Sunflower,1,0,25110.0
Parker,3,1,142878.0
Dimmit,1,0,10124.0
Payne,2,0,81784.0
Beauregard Parish,2,0,37497.0
Vigo,2,1,107038.0
Okmulgee,1,1,38465.0
Otter Tail,4,0,58746.0
Baraga,2,0,8209.0
Cameron,3,0,4447.0
Cedar,2,0,14349.0
Griggs,4,0,2231.0
Owsley,1,0,4415.0
Elmore,2,1,81209.0
Marengo,1,0,18863.0
Toa Alta Municipio,4,1,72025.0
Elkhart,1,1,206341.0
Virginia Beach city,4,1,449974.0
Strafford,4,1,130633.0
Wheeler,2,0,5056.0
Barnes,4,0,10415.0
Ada,4,1,481587.0
Trego,4,0,2803.0
Sandusky,3,0,58518.0
Dent,2,0,15573.0
Chaves,1,0,64615.0
Linn,2,1,129749.0
Ottawa,1,0,31127.0
Archer,4,1,8553.0
Gunnison,4,0,17462.0
Simpson,1,1,26658.0
Effingham,4,1,64296.0
Lipscomb,3,0,3233.0
Bedford,1,0,49713.0
Falls,1,1,17297.0
Lewis and Clark,4,0,69432.0
Orocovis Municipio,1,1,20220.0
Louisa,3,0,37591.0
Black Hawk,3,1,131228.0
Arecibo Municipio,3,1,81966.0
Caswell,1,0,22604.0
Moody,3,0,6576.0
Freeborn,3,0,30281.0
Scotland,1,0,34823.0
Roane,3,1,53382.0
Telfair,1,0,15860.0
Parke,2,0,16937.0
Owyhee,1,1,11823.0
Giles,2,0,29464.0
Billings,4,0,928.0
Kaufman,2,1,136154.0
McDonald,1,1,22837.0
Crow Wing,4,0,65055.0
Lajas Municipio,1,1,22010.0
Sullivan,2,0,6089.0
Pamlico,2,1,12726.0
St. Landry Parish,1,0,82124.0
Bryan,1,0,47995.0
Tallahatchie,1,0,13809.0
Winnebago,4,1,171907.0
Baker,2,0,16124.0
Milam,1,0,24823.0
Harris,4,1,35236.0
Mississippi,1,0,40651.0
Hillsdale,2,0,45605.0
Granite,4,0,3379.0
Fredericksburg city,2,1,29036.0
Doniphan,4,1,7600.0
Santa Rosa,3,1,184313.0
Dunn,4,0,4424.0
Chautauqua,2,0,126903.0
Harlan,1,0,26010.0
Teton,4,0,23464.0
Morehouse Parish,1,0,24874.0
Chambers,3,1,43837.0
Cortland,3,0,47581.0
Juana Diaz Municipio,3,1,44679.0
Darlington,1,1,66618.0
Hockley,1,0,23021.0
Natchitoches Parish,1,0,38158.0
Alexander,1,1,5761.0
Oglethorpe,2,1,15259.0
Burke,4,0,2115.0
Yellowstone,4,1,161300.0
Tazewell,4,1,131803.0
Petroleum,4,0,487.0
Southampton,3,0,17631.0
La Plata,4,0,56221.0
Prince George's,2,1,909327.0
Muskingum,2,0,86215.0
Northwest Arctic Borough,1,0,7621.0
Estill,1,0,14106.0
Teller,4,1,25388.0
Erath,2,0,42698.0
Dane,4,1,546695.0
Natrona,3,1,79858.0
Baltimore city,1,1,593490.0
Nicholas,1,0,7269.0
Vermilion Parish,1,1,59511.0
Indiana,2,0,84073.0
DuPage,4,1,922921.0
Somervell,2,1,9128.0
Sierra,1,0,10791.0
Pawnee,3,0,6414.0
Muscatine,3,0,42664.0
Belknap,4,0,61303.0
Loudoun,4,1,413538.0
Catawba,2,1,159551.0
Paulding,4,1,168667.0
Brevard,3,1,601942.0
Ward,4,0,67641.0
Parmer,1,0,9605.0
Dickey,4,0,4872.0
Woodford,4,1,26734.0
Milwaukee,1,1,945726.0
Piatt,4,1,16344.0
Foard,3,0,1155.0
Siskiyou,2,0,43539.0
Cloud,3,0,8786.0
Sac,4,0,9721.0
Itawamba,2,0,23390.0
Fauquier,4,1,71222.0
Colusa,2,0,21547.0
Kittitas,3,0,47935.0
Oldham,4,1,66799.0
LaGrange,3,0,39614.0
Wilson,1,0,81801.0
Cole,3,1,76745.0
Love,2,0,10253.0
Ozaukee,4,1,89221.0
Lexington city,3,0,7446.0
Harrisonburg city,1,1,53016.0
Kandiyohi,3,0,43199.0
Colonial Heights city,2,1,17370.0
Pearl River,2,0,55535.0
Lewis,3,0,9776.0
Blair,3,1,121829.0
Attala,1,0,18174.0
Winston,1,0,17955.0
Andrews,3,0,18705.0
Converse,4,0,13822.0
Grundy,2,0,9850.0
Iron,3,0,5687.0
Bay,2,1,174705.0
Juneau City and Borough,3,0,31974.0
Lauderdale,3,1,92729.0
Jewell,4,0,2879.0
Reynolds,2,0,6270.0
Rice,3,0,9537.0
Branch,2,0,43517.0
Hood,3,1,61643.0
Woodward,2,0,20211.0
Galveston,2,1,342139.0
Bexar,1,1,2003554.0
Santa Cruz,2,1,273213.0
Atlantic,1,1,263670.0
Luquillo Municipio,3,1,17665.0
Evangeline Parish,1,0,33395.0
St. Louis,3,1,994205.0
Flathead,4,0,103806.0
Thurston,3,1,290536.0
Cayey Municipio,3,1,42409.0
Terrebonne Parish,1,1,110461.0
Kidder,4,0,2480.0
Nye,2,0,46523.0
Canovanas Municipio,3,1,44674.0
Nez Perce,2,1,40408.0
Vance,1,0,44535.0
Decatur,2,0,7870.0
Vernon Parish,2,0,47429.0
Haines Borough,4,0,2530.0
Catahoula Parish,1,0,9494.0
Laclede,2,0,35723.0
Northumberland,2,0,90843.0
Red River,2,0,12023.0
Stark,3,1,370606.0
Richmond city,1,1,230436.0
Haakon,3,0,1899.0
Lamb,1,0,12893.0
Wasatch,4,0,34091.0
Albemarle,4,1,109330.0
Pickens,1,1,19930.0
Bossier Parish,2,1,127039.0
Muhlenberg,2,0,30622.0
Loudon,3,1,54068.0
Walworth,3,0,5435.0
Humacao Municipio,4,1,50653.0
Florida Municipio,4,1,11317.0
Larimer,4,1,356899.0
Oxford,3,0,57975.0
Pushmataha,1,0,11096.0
St. Helena Parish,1,1,10132.0
Williamsburg city,3,1,14954.0
St. Lucie,2,1,328297.0
Antrim,4,0,23324.0
Plaquemines Parish,2,1,23197.0
Cottle,1,0,1398.0
Gladwin,2,0,25449.0
Arapahoe,3,1,656590.0
Walla Walla,2,1,60760.0
Navajo,1,0,110924.0
Morton,3,0,2587.0
Gila,1,0,54018.0
Camas,4,0,1106.0
San Mateo,3,1,766573.0
Stanly,2,0,62806.0
Albany,3,1,305506.0
Wasco,1,0,26682.0
Madison Parish,1,0,10951.0
Harper,3,0,3688.0
McClain,4,1,40474.0
Crockett,1,1,14230.0
Pennington,3,1,113775.0
Uintah,3,0,35734.0
Craig,4,1,5131.0
Westmoreland,3,0,18015.0
Roseau,4,0,15165.0
Murray,2,1,40096.0
Meagher,4,0,1862.0
Hillsborough,4,1,417025.0
Bradford,3,0,60323.0
Rio Grande Municipio,2,1,48025.0
Wichita,1,1,132230.0
Rio Blanco,3,0,6324.0
Arroyo Municipio,1,1,17238.0
Davie,3,1,42846.0
Petersburg city,1,1,31346.0
Alger,3,0,9108.0
Kiowa,3,0,2475.0
Camp,1,0,13094.0
White Pine,3,0,9580.0
McLeod,4,0,35893.0
Spalding,1,1,66703.0
St. Francois,2,0,67215.0
Claiborne,2,0,31959.0
Waukesha,4,1,404198.0
Big Stone,4,0,4991.0
Hopkins,2,0,37084.0
Nolan,1,0,14714.0
Schenectady,3,1,155299.0
Musselshell,3,0,4633.0
Blue Earth,3,1,67653.0
Goshen,3,0,13211.0
Norfolk,4,1,706775.0
Bailey,1,0,7000.0
Botetourt,4,1,33419.0
Concordia Parish,1,0,19259.0
Luzerne,2,1,317417.0
Zapata,1,0,14179.0
Oklahoma,2,1,797434.0
Traverse,3,0,3259.0
Westchester,2,1,967506.0
Schuyler,3,0,17807.0
Cavalier,4,0,3762.0
Vinton,2,0,13085.0
Kanawha,2,1,178124.0
Hale,1,1,14651.0
Brunswick,3,1,142820.0
Seneca,3,0,55178.0
Habersham,2,0,45328.0
Moca Municipio,1,1,34891.0
Tuscarawas,3,0,91987.0
Osceola,3,0,5958.0
La Crosse,4,1,118016.0
Piute,3,0,1479.0
Carter,2,1,56391.0
Dare,4,0,37009.0
Ulster,3,1,177573.0
Dorado Municipio,4,1,36141.0
Davison,4,0,19775.0
Faulk,4,0,2299.0
Pacific,2,0,22471.0
St. Francis,1,0,24994.0
McCook,4,1,5586.0
Tucker,3,0,6839.0
Wallowa,2,0,7208.0
Bleckley,2,0,12873.0
Dade,2,0,7561.0
Cheatham,4,1,40667.0
Petersburg Census Area,2,0,3266.0
Rusk,1,1,54406.0
Addison,4,0,36777.0
Alameda,3,1,1671329.0
Alamance,1,1,169509.0
St. Johns,4,1,264672.0
Waupaca,4,0,50990.0
Gwinnett,3,1,936250.0
Aroostook,2,0,67055.0
Appling,1,0,18386.0
Pipestone,3,0,9126.0
Charlottesville city,3,1,47266.0
Amite,1,0,12297.0
Rockcastle,1,0,16695.0
Judith Basin,4,0,2007.0
Jerauld,4,0,2013.0
Salem,2,1,62385.0
Chesapeake city,3,1,244835.0
Pottawatomie,4,1,24383.0
Kennebec,3,0,122302.0
Burleson,2,1,18443.0
Marinette,3,0,40350.0
Trousdale,2,1,11284.0
Holmes,3,0,43960.0
Florence,1,1,138293.0
Buffalo,1,0,1962.0
Morovis Municipio,2,1,30335.0
Yates,3,1,24913.0
Maverick,1,0,58722.0
King William,4,1,17148.0
Cidra Municipio,3,1,38307.0
New Madrid,1,0,17076.0
Sanpete,2,0,30939.0
Bennington,3,0,35470.0
Humphreys,1,0,8064.0
Cache,3,1,128289.0
Conecuh,1,0,12067.0
Des Moines,3,0,38967.0
Wright,4,1,138377.0
Saguache,1,0,6824.0
Lafourche Parish,1,1,97614.0
Beaverhead,3,0,9453.0
Dickenson,2,0,14318.0
Alamosa,1,0,16233.0
Kossuth,4,0,14813.0
Pinal,1,1,462789.0
Bledsoe,1,0,15064.0
Bladen,1,0,32722.0
McCracken,3,0,65418.0
Defiance,4,0,38087.0
Yalobusha,2,0,12108.0
Uvalde,1,0,26741.0
Columbus,1,0,55508.0
Cooper,3,0,17709.0
Colorado,2,0,21493.0
Talladega,1,0,79978.0
Coke,2,0,3387.0
San Luis Obispo,3,1,283111.0
Switzerland,2,0,10751.0
Penobscot,3,1,152148.0
Glenn,1,0,28393.0
Abbeville,1,0,24527.0
Kenosha,2,1,169561.0
Aiken,2,1,170872.0
Glasscock,4,0,1409.0
Gem,2,1,18112.0
Dawson,1,0,12728.0
Bowman,4,0,3024.0
Isle of Wight,3,1,37109.0
Scurry,2,0,16703.0
Levy,1,0,41503.0
San Jacinto,2,0,28859.0
Ascension Parish,3,1,126604.0
Transylvania,3,0,34385.0
Guadalupe,1,0,4300.0
Snyder,4,0,40372.0
Caddo Parish,1,1,240204.0
St. James Parish,2,1,21096.0
Cascade,3,1,81366.0
Laurel,1,0,60813.0
Chowan,1,0,13943.0
Poweshiek,4,0,18504.0
Nueces,1,1,362294.0
Amherst,3,1,31605.0
Wetzel,3,0,15065.0
Yellow Medicine,3,0,9709.0
Broomfield,4,1,70465.0
Wexford,2,0,33631.0
Mahaska,3,0,22095.0
Pend Oreille,2,1,13724.0
Ferry,1,0,7627.0
Stonewall,3,0,1350.0
Alexandria city,4,1,159428.0
Pettis,1,0,42339.0
McCormick,2,0,9463.0
Ochiltree,2,0,9836.0
Koochiching,3,0,12229.0
Goliad,2,1,7658.0
Merrimack,4,0,151391.0
Tattnall,1,0,25286.0
Daniels,4,0,1690.0
Coosa,2,0,10663.0
Hardee,1,0,26937.0
Rowan,1,0,24460.0
Queen Anne's,4,1,50381.0
Jim Wells,1,0,40482.0
Sanborn,4,0,2344.0
Bureau,3,0,32628.0
Chicot,1,0,10118.0
Rabun,2,0,17137.0
Rockdale,2,1,90896.0
Sumner,4,1,22836.0
Bottineau,4,0,6282.0
Wyandotte,1,1,165429.0
Oktibbeha,2,0,49587.0
Mifflin,3,0,46138.0
Tyler,1,0,21672.0
Rutherford,3,1,332285.0
Long,1,1,19559.0
Neshoba,1,0,29118.0
Amador,2,0,39752.0
Meriwether,1,1,21167.0
Kern,1,1,900202.0
Lorain,2,1,309833.0
Okanogan,1,0,42243.0
Cherry,4,0,5689.0
Los Angeles,1,1,10039107.0
Deer Lodge,3,0,9140.0
Preble,4,0,40882.0
Fleming,1,0,14581.0
Napa,2,1,137744.0
Watonwan,2,0,10897.0
Donley,3,0,3278.0
Norfolk city,1,1,242742.0
Coweta,4,1,148509.0
Catron,3,0,3527.0
Shawano,4,0,40899.0
Fremont,2,0,13099.0
Garrard,3,0,17666.0
Hinds,1,1,231840.0
Accomack,1,0,32316.0
Cannon,3,1,14678.0
Powhatan,4,1,29652.0
Seward,1,0,21428.0
Duchesne,3,0,19938.0
Concho,3,0,2726.0
Sibley,4,1,14865.0
Heard,2,1,11923.0
Ashe,3,0,27203.0
Lares Municipio,1,1,24276.0
Sevier,1,0,17007.0
Starke,3,0,22995.0
Dorchester,3,1,162809.0
Outagamie,4,1,187885.0
DeWitt,1,0,20160.0
Chatham,2,1,289430.0
Aguas Buenas Municipio,2,1,24814.0
Upson,1,0,26320.0
Auglaize,4,0,45656.0
Clayton,1,1,292256.0
Brazos,2,1,229211.0
Sabine Parish,1,0,23884.0
San Juan Municipio,4,1,318441.0
Crisp,1,0,22372.0
Yuma,2,0,10019.0
Coos,2,0,31563.0
Roger Mills,3,0,3583.0
Ziebach,1,0,2756.0
McKean,2,0,40625.0
Avoyelles Parish,1,0,40144.0
Wake,3,1,1111761.0
Cayuga,2,0,76576.0
Harding,3,0,625.0
Tishomingo,2,0,19383.0
Hardeman,2,0,3933.0
Charleston,3,1,411406.0
Pope,3,0,4177.0
Oliver,4,1,1959.0
Pima,1,1,1047279.0
Alcona,3,0,10405.0
East Baton Rouge Parish,2,1,440059.0
Walthall,1,0,14286.0
Wrangell City and Borough,2,0,2502.0
Posey,4,1,25427.0
Hickory,3,0,9544.0
La Paz,1,0,21108.0
Richland Parish,1,0,20122.0
Frio,1,0,20306.0
Jefferson Parish,2,1,432493.0
Caddo,1,0,28762.0
Hatillo Municipio,4,1,39218.0
Ceiba Municipio,3,1,10904.0
Ocean,3,1,607186.0
Uinta,3,0,20226.0
Keokuk,4,0,10246.0
Arlington,4,1,236842.0
Saluda,1,1,20473.0
Skagway,4,0,1183.0
Traill,4,0,8036.0
Quay,1,0,8253.0
St. John the Baptist Parish,2,1,42837.0
Presque Isle,3,0,12592.0
Storey,4,1,4123.0
Sully,4,0,1391.0
La Salle,1,0,7520.0
Appomattox,3,1,15911.0
Massac,1,0,13772.0
Hoonah-Angoon Census Area,3,0,2148.0
Duplin,1,0,58741.0
Mahoning,2,1,228683.0
Treutlen,1,0,6901.0
Wilkes,2,0,68412.0
Dearborn,4,1,49458.0
Mobile,1,1,413210.0
Toole,3,0,4736.0
Cape Girardeau,3,1,78871.0
Yakutat City and Borough,2,0,579.0
Whitfield,1,1,104628.0
O'Brien,4,0,13753.0
Gilchrist,1,1,18582.0
Osborne,4,0,3421.0
Lane,2,1,382067.0
Barron,3,0,45244.0
Covington,1,0,18636.0
San Saba,2,0,6055.0
LaMoure,4,0,4046.0
Anne Arundel,4,1,579234.0
Sweet Grass,4,0,3737.0
Orleans Parish,2,1,390144.0
Pondera,1,0,5911.0
Wadena,2,0,13682.0
Rockland,2,1,325789.0
Fairfax city,4,1,24019.0
Lafayette,1,0,6624.0
West Baton Rouge Parish,1,1,26465.0
Iberia Parish,1,1,69830.0
Baldwin,1,0,44890.0
Wabasha,4,1,21627.0
Pasquotank,1,0,39824.0
Aurora,3,0,2751.0
Rockbridge,4,0,22573.0
Menifee,2,0,6489.0
Vilas,4,0,22195.0
Craven,1,1,102139.0
Latimer,1,0,10073.0
Culpeper,3,1,52605.0
Dyer,1,0,37159.0
Golden Valley,4,0,1761.0
Audrain,2,0,25388.0
Vermillion,3,1,15498.0
St. Charles,4,1,402022.0
Rosebud,2,0,8937.0
Sedgwick,2,1,516042.0
Issaquena,1,0,1327.0
Sherburne,4,1,97238.0
Ouachita,1,0,23382.0
Frederick,4,1,259547.0
Garland,1,1,99386.0
Colquitt,1,0,45600.0
McCurtain,1,0,32832.0
Staunton city,3,1,24932.0
Talbot,4,0,37181.0
Tuscaloosa,2,1,209355.0
Stanton,3,0,2006.0
Sanders,3,0,12113.0
Kankakee,2,1,109862.0
Fairfield,3,1,943332.0
Durham,2,1,321488.0
Suffolk city,3,1,92108.0
Pickett,3,0,5048.0
Berrien,1,0,19397.0
Grant Parish,2,1,22389.0
Comerio Municipio,1,1,18648.0
Clermont,4,1,206428.0
Power,2,0,7681.0
Kodiak Island Borough,2,0,12998.0
Will,4,1,690743.0
Lander,1,0,5532.0
Lycoming,3,1,113299.0
Bullitt,4,1,81676.0
Chelan,2,1,77200.0
Barnwell,1,0,20866.0
De Baca,2,0,1748.0
Benewah,2,0,9298.0
Kit Carson,2,0,7097.0
Prince William,3,1,470335.0
Spokane,3,1,522798.0
Caribou,4,0,7155.0
Allegany,2,1,70416.0
Mecosta,2,0,43453.0
Lubbock,2,1,310569.0
Manassas city,3,1,41085.0
Cheshire,4,0,76085.0
Greeley,2,0,1232.0
Johnston,1,0,11085.0
Sacramento,2,1,1552058.0
Day,4,0,5424.0
Calvert,4,1,92525.0
Arkansas,1,0,17486.0
Irion,4,1,1536.0
McCreary,1,0,17231.0
Meeker,4,0,23222.0
Fentress,2,0,18523.0
Emmons,4,0,3241.0
Pickaway,3,1,58457.0
Salinas Municipio,1,0,27128.0
Granville,2,0,60443.0
Halifax,1,0,50010.0
LaPorte,2,1,109888.0
Bon Homme,4,0,6901.0
Kingman,4,1,7152.0
Ontonagon,3,0,5720.0
Cerro Gordo,4,0,42450.0
Bertie,1,0,18947.0
Coamo Municipio,3,0,38336.0
Aransas,1,1,23510.0
Ripley,3,0,28324.0
Skagit,2,1,129205.0
Taney,1,0,55928.0
Grafton,4,0,89886.0
Palo Alto,4,0,8886.0
Guayama Municipio,2,1,39465.0
Washtenaw,4,1,367601.0
Harney,2,0,7393.0
Edmonson,2,1,12150.0
Prentiss,1,0,25126.0
Vega Baja Municipio,3,1,50023.0
Rankin,3,1,155271.0
Jim Hogg,1,0,5200.0
Winneshiek,4,0,19991.0
Morris,2,0,12388.0
Ionia,3,0,64697.0
Venango,3,0,50668.0
Baltimore,3,1,827370.0
Bristol city,1,1,16762.0
Chesterfield,1,0,45650.0
Calaveras,4,0,45905.0
Hart,2,0,26205.0
Ashtabula,1,0,97241.0
Ouachita Parish,1,1,153279.0
Early,1,0,10190.0
Coleman,3,0,8175.0
Major,3,0,7629.0
Mendocino,1,0,86749.0
Hartford,2,1,891720.0
Swift,3,0,9266.0
Randall,4,1,137713.0
Tompkins,3,1,102180.0
La Salle Parish,1,0,14892.0
Baxter,3,0,41932.0
Del Norte,1,0,27812.0
Watauga,3,0,56177.0
Grand Forks,3,1,69451.0
Las Marias Municipio,2,0,7927.0
Glacier,1,0,13753.0
Winkler,2,0,8010.0
Gates,3,1,11562.0
New York,2,1,1628706.0
Lincoln Parish,1,0,46742.0
Rains,3,0,12514.0
Lake of the Woods,4,0,3740.0
Van Wert,4,0,28275.0
Suffolk,4,1,1476601.0
Tuscola,3,0,52245.0
Valencia,1,1,76688.0
Huerfano,2,0,6897.0
Ogemaw,2,0,20997.0
Archuleta,3,0,14029.0
Story,4,1,97117.0
Luna,1,0,23709.0
Letcher,1,0,21553.0
Nassau,4,1,88625.0
Shawnee,2,1,176875.0
Crittenden,1,1,47955.0
Bibb,1,1,153159.0
Whiteside,3,0,55175.0
Worth,4,0,2013.0
Waushara,3,0,24443.0
Avery,2,0,17557.0
Cassia,2,0,24030.0
Oglala Lakota,1,0,14177.0
Hemphill,2,0,3819.0
Esmeralda,2,0,873.0
Daggett,4,0,950.0
Las Piedras Municipio,4,1,37007.0
Atascosa,1,1,51153.0
Reno,2,0,61998.0
De Soto Parish,1,1,27463.0
Manitowoc,4,0,78981.0
Maricopa,2,1,4485414.0
Ector,1,1,166223.0
Nicollet,3,1,34274.0
Peach,1,1,27546.0
St. Martin Parish,1,1,53431.0
Toa Baja Municipio,4,1,74271.0
Bayamon Municipio,4,1,169269.0
Morrison,3,0,33386.0
Umatilla,1,0,77950.0
Volusia,2,1,553284.0
Edmunds,4,0,3829.0
Allendale,1,0,8688.0
Litchfield,4,0,180333.0
Georgetown,2,0,62680.0
Snohomish,3,1,822083.0
Bannock,2,1,87808.0
Anasco Municipio,4,1,26161.0
Dutchess,3,1,294218.0
Chisago,4,1,56579.0
Copiah,1,1,28065.0
St. Lawrence,2,0,107740.0
Moniteau,2,1,16132.0
Bell,1,0,26032.0
Churchill,2,0,24909.0
Solano,2,1,447643.0
Towns,3,0,12037.0
Washington Parish,1,0,46194.0
Gregg,1,1,123945.0
Beaver,4,1,163929.0
Elbert,4,1,26729.0
Caldwell Parish,1,0,9918.0
Red River Parish,1,0,8442.0
Payette,2,0,23951.0
Gilmer,1,0,7823.0
Guayanilla Municipio,1,1,17623.0
Goochland,4,1,23753.0
Glascock,2,0,2971.0
Okfuskee,1,0,11993.0
Lanier,1,1,10423.0
Hamlin,4,0,6164.0
McKinley,1,0,71367.0
Karnes,1,0,15601.0
Champaign,3,1,209689.0
Benzie,4,0,17766.0
Lea,1,0,71070.0
Socorro,1,0,16637.0
Winn Parish,1,0,13904.0
Coshocton,2,0,36600.0
Ellsworth,3,0,6102.0
Shannon,2,0,8166.0
Canadian,3,1,148306.0
Slope,4,0,750.0
Refugio,1,0,6948.0
Porter,4,1,170389.0
Juniata,3,0,24763.0
Loup,4,0,664.0
Ransom,4,0,5218.0
Hunt,1,1,98594.0
Potter,1,1,117415.0
Jennings,3,0,27735.0
Yukon-Koyukuk Census Area,1,0,5230.0
Bear Lake,4,0,6125.0
Bingham,2,0,46811.0
Dona Ana,1,1,218195.0
Castro,1,0,7530.0
Cheyenne,4,0,2657.0
Boundary,3,0,12245.0
Miner,4,0,2216.0
Ballard,3,0,7888.0
Hudson,2,1,672391.0
Schoharie,3,1,30999.0
Olmsted,3,1,158293.0
Pleasants,3,0,7460.0
Wirt,3,1,5821.0
Flagler,3,1,115081.0
Independence,1,0,37825.0
St. Croix,4,1,90687.0
Yamhill,2,1,107100.0
Seminole,1,0,24258.0
Charles City,4,1,6963.0
Denton,4,1,887207.0
Ray,3,1,23018.0
Matagorda,1,0,36643.0
Miami,4,1,106987.0
Banks,2,0,19234.0
Piscataquis,3,0,16785.0
Culberson,1,0,2171.0
Marlboro,1,0,26118.0
Allen Parish,1,0,25627.0
Le Flore,1,1,49853.0
Navarro,1,0,50113.0
Stillwater,4,0,9642.0
Miami-Dade,1,1,2716940.0
Contra Costa,3,1,1153526.0
Vermilion,1,1,75758.0
Pueblo,1,1,168424.0
Fresno,1,1,999101.0
Clarendon,1,0,33745.0
Gratiot,2,0,40711.0
Cheboygan,3,0,25276.0
Mayes,1,0,41100.0
Sequatchie,2,1,15026.0
Clearwater,1,0,8818.0
Caledonia,3,0,29993.0
Obion,1,0,30069.0
Wagoner,3,1,81289.0
Darke,4,0,51113.0
Sonoma,3,1,494336.0
Idaho,2,0,16667.0
San Benito,2,1,62808.0
Allamakee,3,0,13687.0
Webster Parish,1,1,38340.0
Bartholomew,3,1,83779.0
Norman,3,0,6375.0
Bolivar,1,0,30628.0
Yavapai,2,1,235099.0
Coconino,2,1,143476.0
Charles Mix,2,0,9292.0
Yauco Municipio,2,1,33575.0
Androscoggin,2,1,108277.0
Mountrail,3,0,10545.0
Bennett,1,0,3365.0
Kane,3,1,532403.0
Pottawattamie,3,1,93206.0
Catano Municipio,1,1,23121.0
Gallia,2,0,29898.0
McDonough,2,0,29682.0
Winchester city,2,1,28078.0
Bayfield,4,0,15036.0
Bucks,4,1,628270.0
Hot Spring,1,0,33771.0
Schuylkill,3,0,141359.0
Coahoma,1,0,22124.0
East Feliciana Parish,1,1,19135.0
Waynesboro city,2,1,22630.0
McLennan,1,1,256623.0
Cuyahoga,2,1,1235072.0
Muskogee,1,0,67997.0
Alcorn,2,0,36953.0
Camuy Municipio,4,1,30504.0
Bracken,3,1,8303.0
Mahnomen,1,0,5527.0
St. Tammany Parish,3,1,260419.0
Windsor,4,0,55062.0
McKenzie,3,0,15024.0
Vega Alta Municipio,2,1,36061.0
Harnett,1,0,135976.0
Wibaux,3,0,969.0
Mora,1,0,4521.0
Rich,4,0,2483.0
Cape May,3,1,92039.0
Dickson,3,1,53948.0
Mille Lacs,2,1,26277.0
George,2,0,24500.0
Chattahoochee,2,1,10907.0
Greer,1,0,5712.0
Barrow,3,1,83240.0
Cobb,3,1,760141.0
Dallam,2,0,7287.0
Clear Creek,4,1,9700.0
Gurabo Municipio,4,1,47093.0
Maunabo Municipio,2,1,10321.0
Crosby,1,1,5737.0
Burnet,2,0,48155.0
St. Mary's,4,1,113510.0
Scioto,1,0,75314.0
Hocking,3,1,28264.0
Newberry,1,0,38440.0
Surry,2,0,71783.0
Houghton,3,0,35684.0
Hubbard,4,0,21491.0
Barber,3,0,4427.0
Spotsylvania,4,1,136215.0
Echols,2,1,4006.0
Zavala,1,0,11840.0
Bernalillo,2,1,679121.0
Vieques Municipio,4,0,8386.0
Ramsey,2,1,550321.0
Augusta,4,1,75558.0
Las Animas,1,0,14506.0
Palm Beach,2,1,1496770.0
Culebra Municipio,4,0,1714.0
Collin,4,1,1034730.0
Neosho,2,0,16007.0
Claiborne Parish,1,0,15670.0
Ida,4,0,6860.0
Buena Vista,2,0,19620.0
Chariton,4,0,7426.0
Upton,2,0,3657.0
Weber,3,1,260213.0
Oconee,4,1,40280.0
Anchorage,3,1,288000.0
Boulder,4,1,326196.0
Winona,4,0,50484.0
Pecos,1,0,15823.0
Mackinac,2,0,10799.0
Woods,3,0,8793.0
Runnels,2,0,10264.0
Bandera,2,1,23112.0
Washoe,2,1,471519.0
Hardy,3,0,13776.0
Harford,4,1,255441.0
Wakulla,3,1,33739.0
Elk,3,0,2530.0
Leavenworth,4,1,81758.0
Bulloch,1,0,79608.0
Racine,3,1,196311.0
Bond,3,1,16426.0
Pendleton,3,0,6969.0
Ness,4,0,2750.0
Montezuma,3,0,26183.0
Presidio,1,0,6704.0
Van Zandt,2,0,56590.0
Republic,4,0,4636.0
Boyle,3,0,30060.0
Hendry,1,0,42022.0
Kemper,1,0,9742.0
Niagara,3,1,209281.0
Faulkner,3,1,126007.0
Pasco,2,1,553947.0
Kalamazoo,3,1,265066.0
Minnehaha,3,1,193134.0
Appanoose,3,0,12426.0
Sublette,4,0,9831.0
Sabana Grande Municipio,2,1,21712.0
Roanoke city,1,1,99143.0
Blount,3,1,57826.0
Wilbarger,1,0,12769.0
Denali Borough,4,0,2097.0
Oswego,2,1,117124.0
Gilpin,4,1,6243.0
Schleicher,2,0,2793.0
Kershaw,3,1,66551.0
Keya Paha,4,0,806.0
Baylor,4,0,3509.0
Jo Daviess,4,0,21235.0
Rooks,4,0,4920.0
Island,4,0,85141.0
Bullock,1,0,10101.0
East Carroll Parish,1,0,6861.0
Allegan,4,0,118081.0
Victoria,1,1,92084.0
Macomb,3,1,873972.0
Wilcox,1,0,8635.0
Aibonito Municipio,3,1,22108.0
Pontotoc,1,0,32174.0
Atchison,4,0,5143.0
Sheboygan,4,1,115340.0
Troup,1,0,69922.0
Faribault,4,0,13653.0
Cattaraugus,2,0,76117.0
Tulare,1,1,466195.0
Hudspeth,1,1,4886.0
Coryell,1,1,75951.0
Throckmorton,3,0,1501.0
Salt Lake,3,1,1160437.0
Yazoo,1,1,29690.0
Iosco,3,0,25127.0
Little River,2,1,12259.0
Shoshone,1,0,12882.0
Fort Bend,3,1,811688.0
Radford city,3,1,18249.0
Lynn,1,1,5951.0
New Castle,3,1,558753.0
Itasca,3,0,45130.0
Waller,1,1,55246.0
Lampasas,2,1,21428.0
Barton,2,0,11754.0
Ozark,2,0,9174.0
Pitt,1,1,180742.0
Gillespie,3,0,26988.0
Kerr,2,0,52600.0
San German Municipio,3,1,30227.0
Ogle,3,0,50643.0
Anson,1,0,24446.0
De Witt,4,1,15638.0
Nome Census Area,1,0,10004.0
Barceloneta Municipio,3,1,23727.0
Sampson,1,0,63531.0
Cabell,2,1,91945.0
Crook,4,0,7584.0
San Francisco,3,1,881549.0
Steele,3,0,36649.0
Adjuntas Municipio,1,0,17363.0
Montague,2,0,19818.0
Maricao Municipio,1,0,5430.0
Dale,1,0,49172.0
Arenac,2,0,14883.0
Silver Bow,2,0,34915.0
Juneau,3,0,26687.0
Conway,1,0,20846.0
Oceana,1,0,26467.0
Fergus,4,0,11050.0
Washakie,3,0,7805.0
Cecil,3,1,102855.0
Summers,1,0,12573.0
Cibola,1,0,26675.0
Overton,3,0,22241.0
Wyandot,4,0,21772.0
Norton,3,0,5361.0
Beckham,2,0,21859.0
Fairfax,4,1,1147532.0
Glynn,2,1,85292.0
Huntingdon,3,0,45144.0
Utah,3,1,636235.0
Keweenaw,4,0,2116.0
Kewaunee,4,1,20434.0
Bronx,1,1,1418207.0
McMullen,1,0,743.0
Saginaw,2,1,190539.0
King,3,1,2252782.0
Bienville Parish,1,0,13241.0
McCone,4,0,1664.0
Cowlitz,1,1,110593.0
Preston,2,1,33432.0
Plymouth,4,1,25177.0
Hodgeman,4,0,1794.0
Texas,1,0,19983.0
Luce,2,0,6229.0
Finney,1,0,36467.0
Rutland,3,0,58191.0
Millard,3,0,13188.0
Wicomico,1,1,103609.0
Brookings,4,0,35077.0
Bates,3,1,16172.0
Breathitt,1,0,12630.0
Hartley,2,0,5576.0
Malheur,1,0,30571.0
Fillmore,4,1,21067.0
Alachua,3,1,269043.0
El Paso,3,1,720403.0
McDuffie,1,1,21312.0
District of Columbia,2,1,705749.0
Nodaway,4,0,22092.0
Patillas Municipio,3,1,16211.0
Sanilac,3,0,41170.0
St. Charles Parish,3,1,53100.0
Conejos,1,0,8205.0
Isanti,4,1,40596.0
Grand,2,0,9754.0
Tarrant,2,1,2102515.0
Sargent,4,0,3898.0
Palo Pinto,1,0,29189.0
Boyd,2,1,46718.0
Greenup,3,1,35098.0
Oscoda,2,0,8241.0
Bent,1,0,5577.0
Chouteau,3,0,5635.0
Kalkaska,2,0,18038.0
Anoka,4,1,356921.0
Kenai Peninsula Borough,3,0,58708.0
Smyth,1,0,30104.0
San Patricio,1,1,66730.0
Portsmouth city,1,1,94398.0
Geneva,1,1,26271.0
Red Lake,4,0,4055.0
Moffat,2,0,13283.0
Aleutians East Borough,2,0,3337.0
Metcalfe,2,0,10071.0
Ketchikan Gateway Borough,2,0,13901.0
Falls Church city,4,1,14617.0
Wabaunsee,4,1,6931.0
Magoffin,1,0,12161.0
Desha,1,0,11361.0
Monmouth,4,1,618795.0
Wythe,3,0,28684.0
Fajardo Municipio,2,1,29454.0
Charles,4,1,163257.0
Cabo Rojo Municipio,2,1,47515.0
Mayaguez Municipio,1,1,71530.0
Horry,2,1,354081.0
Santa Clara,3,1,1927852.0
Greensville,1,0,11336.0
Currituck,4,1,27763.0
Los Alamos,4,0,19369.0
Lynchburg city,2,1,82168.0
Santa Barbara,2,1,446499.0
New Haven,2,1,854757.0
Barren,1,0,44249.0
Leflore,1,0,28183.0
Fairbanks North Star Borough,3,1,96849.0
Dillingham Census Area,1,0,4916.0
Routt,4,0,25638.0
Merced,1,1,277680.0
Burnett,4,0,15414.0
Gentry,3,0,6571.0
Etowah,2,1,102268.0
Berkshire,3,1,124944.0
LaSalle,3,0,108669.0
Butts,1,1,24936.0
Tensas Parish,1,0,4334.0
Montour,3,1,18230.0
Jack,2,0,8935.0
Stanley,4,0,3098.0
Howell,2,0,40117.0
Haywood,1,0,17304.0
Lac qui Parle,4,0,6623.0
Ravalli,4,0,43806.0
Perquimans,2,0,13463.0
St. Louis city,1,1,300576.0
Tunica,1,1,9632.0
Ben Hill,1,0,16700.0
Suwannee,1,0,44417.0
Isabella,2,0,69872.0
Towner,4,0,2189.0
Sawyer,3,0,16558.0
Taos,1,0,32723.0
Leake,1,0,22786.0
Gadsden,1,1,45660.0
Buckingham,1,1,17148.0
Gove,4,0,2636.0
Collingsworth,1,0,2920.0
Divide,4,0,2264.0
Guaynabo Municipio,4,1,83728.0
Iroquois,3,0,27114.0
Wilkin,4,0,6207.0
Guilford,2,1,537174.0
Evans,1,0,10654.0
Aleutians West Census Area,3,0,5634.0
Leelanau,4,0,21761.0
Apache,1,0,71887.0
Toombs,1,0,26830.0
Bonner,4,0,45739.0
Grenada,1,0,20758.0
Dunklin,1,0,29131.0
Pershing,1,0,6725.0
Geary,2,0,31670.0
Aguada Municipio,4,1,36694.0
Mohave,1,1,212181.0
St. Mary Parish,1,0,49348.0
Craighead,1,1,110332.0
Greenlee,2,0,9498.0
Edgefield,1,1,27260.0
Grand Traverse,4,0,93088.0
Fond du Lac,4,1,103403.0
Bergen,4,1,932202.0
Noxubee,1,0,10417.0
Ross,2,0,76666.0
Tooele,3,1,72259.0
Atkinson,1,0,8165.0
Coles,3,0,50621.0
Bremer,4,1,25062.0
Villalba Municipio,1,1,21372.0
Rawlins,4,0,2530.0
Dougherty,1,1,87956.0
Sutter,1,1,96971.0
Warrick,4,1,62998.0
Trimble,2,1,8471.0
Walsh,3,0,10641.0
Atoka,1,0,13758.0
Whitman,2,0,50104.0
Austin,3,1,30032.0
Broadwater,4,0,6237.0
Greenbrier,2,0,34662.0
Dolores,4,0,2055.0
Onondaga,2,1,460528.0
Codington,4,0,28009.0
Lehigh,2,1,369318.0
Marathon,4,1,135692.0
Columbiana,3,0,101883.0
Iberville Parish,1,1,32511.0
Braxton,2,0,13957.0
Mesa,2,1,154210.0
Hendricks,4,1,170311.0
Nobles,1,0,21629.0
Alfalfa,3,0,5702.0
Callaway,3,1,44743.0
Dixie,1,0,16826.0
Guanica Municipio,1,1,15383.0
Clare,1,0,30950.0
Hutchinson,4,0,7291.0
Sharp,2,0,17442.0
Yolo,2,1,220500.0
Tama,3,0,16854.0
Garrett,4,0,29014.0
Pointe Coupee Parish,1,1,21730.0
Hertford,1,0,23677.0
Freestone,1,0,19717.0
Danville city,1,0,40044.0
Yabucoa Municipio,2,1,32282.0
Nottoway,1,0,15232.0
Treasure,4,0,696.0
Becker,3,0,34423.0
Young,2,0,18010.0
Lunenburg,1,0,12196.0
James City,4,1,76523.0
Deuel,4,0,4351.0
Lenawee,3,0,98451.0
Sterling,3,0,1291.0
McNairy,2,0,25694.0
Cimarron,3,0,2137.0
Hettinger,4,0,2499.0
Jefferson Davis Parish,1,0,31368.0
Nowata,2,0,10076.0
Clatsop,2,0,40224.0
Pinellas,2,1,974996.0
Colfax,1,0,11941.0
Quebradillas Municipio,3,1,22918.0
Rhea,1,0,33167.0
Box Elder,4,1,56046.0
Buncombe,3,1,261191.0
Pepin,4,0,7287.0
Kenton,3,1,166998.0
Williamsburg,1,0,30368.0
Sagadahoc,4,1,35856.0
Sangamon,3,1,194672.0
Washburn,4,0,15720.0
Gonzales,1,0,20837.0
Dubuque,4,1,97311.0
Wallace,4,0,1518.0
Borden,4,0,654.0
Clallam,2,0,77331.0
Shasta,2,1,180080.0
Carson City,1,1,55916.0
Saratoga,4,1,229863.0
Philadelphia,1,1,1584064.0
San Augustine,1,0,8237.0
Rockwall,4,1,104915.0
Clackamas,4,1,418187.0
Jackson Parish,1,0,15744.0
Montrose,2,0,42758.0
Lexington,3,1,298750.0
Sandoval,3,1,146748.0
Yoakum,3,0,8713.0
Utuado Municipio,3,1,27395.0
Emery,3,0,10012.0
Tallapoosa,1,0,40367.0
Okaloosa,3,1,210738.0
Pratt,3,0,9164.0
Montcalm,2,1,63888.0
Newaygo,2,0,48980.0
Hayes,4,0,922.0
Dukes,4,0,17332.0
Nantucket,4,0,11399.0
Barnstable,4,1,212990.0
Salem city,3,1,25301.0
Franklin city,2,0,7967.0
Buena Vista city,3,0,6478.0
Norton city,1,0,3981.0
Covington city,3,0,5538.0
Emporia city,1,0,5346.0
Galax city,1,0,6347.0
Martinsville city,1,0,12554.0
Poquoson city,4,1,12271.0
Hinsdale,4,0,820.0
Costilla,1,0,3887.0
Sarpy,4,1,187196.0
Hooker,4,0,682.0
Waseca,3,0,18612.0
Otoe,4,0,16012.0
Nuckolls,4,0,4148.0
Merrick,4,1,7755.0
Saunders,4,1,21578.0
Banner,4,0,745.0
Thayer,4,0,5003.0
Richardson,4,0,7865.0
Gage,4,0,21513.0
Hitchcock,4,0,2762.0
Antelope,4,0,6298.0
Arthur,4,0,463.0
Morrill,3,0,4642.0
Garden,4,0,1837.0
Keith,4,0,8034.0
Kearney,4,0,6495.0
Kimball,2,0,3632.0
Scotts Bluff,2,0,35618.0
Burt,3,0,6459.0
Gosper,4,0,1990.0
Frontier,4,0,2627.0
Dixon,3,1,5636.0
Cuming,4,0,8846.0
Red Willow,4,0,10724.0
Nance,4,0,3519.0
Furnas,4,0,4676.0
Dawes,4,0,8589.0
Box Butte,3,0,10783.0
